[ "ColoredShapePipelineSettings", {
  "pipelineIndex" : 0,
  "pipelineType" : "ColoredShape",
  "inputImageRotationMode" : "DEG_0",
  "pipelineNickname" : "cone",
  "cameraAutoExposure" : false,
  "cameraExposure" : 4.2,
  "cameraBrightness" : 50,
  "cameraGain" : -1,
  "cameraRedGain" : -1,
  "cameraBlueGain" : -1,
  "cameraVideoModeIndex" : 0,
  "streamingFrameDivisor" : "QUARTER",
  "ledMode" : true,
  "inputShouldShow" : true,
  "outputShouldShow" : true,
  "hsvHue" : {
    "first" : 16,
    "second" : 43
  },
  "hsvSaturation" : {
    "first" : 97,
    "second" : 237
  },
  "hsvValue" : {
    "first" : 188,
    "second" : 255
  },
  "hueInverted" : false,
  "outputShouldDraw" : true,
  "outputShowMultipleTargets" : false,
  "contourArea" : {
    "first" : 0.05,
    "second" : 100.0
  },
  "contourRatio" : {
    "first" : 0.0,
    "second" : 20.0
  },
  "contourFullness" : {
    "first" : 0.0,
    "second" : 100.0
  },
  "contourSpecklePercentage" : 5,
  "contourSortMode" : "Centermost",
  "contourTargetOffsetPointEdge" : "Center",
  "contourTargetOrientation" : "Landscape",
  "offsetRobotOffsetMode" : "None",
  "offsetSinglePoint" : {
    "x" : 0.0,
    "y" : 0.0
  },
  "offsetDualPointA" : {
    "x" : 0.0,
    "y" : 0.0
  },
  "offsetDualPointAArea" : 0.0,
  "offsetDualPointB" : {
    "x" : 0.0,
    "y" : 0.0
  },
  "offsetDualPointBArea" : 0.0,
  "contourGroupingMode" : "Single",
  "contourIntersection" : "Up",
  "solvePNPEnabled" : false,
  "targetModel" : "k2020HighGoalOuter",
  "cornerDetectionStrategy" : "APPROX_POLY_DP_AND_EXTREME_CORNERS",
  "cornerDetectionUseConvexHulls" : true,
  "cornerDetectionExactSideCount" : false,
  "cornerDetectionSideCount" : 4,
  "cornerDetectionAccuracyPercentage" : 10.0,
  "contourShape" : "Custom",
  "contourPerimeter" : {
    "first" : 0.0,
    "second" : 4000.0
  },
  "accuracyPercentage" : 17.0,
  "circleDetectThreshold" : 5,
  "contourRadius" : {
    "first" : 0,
    "second" : 100
  },
  "minDist" : 20,
  "maxCannyThresh" : 90,
  "circleAccuracy" : 20,
  "cameraCalibration" : null,
  "erode" : false,
  "dilate" : false
} ]